{
    "plddts": {
        "model_1_pred_0": 55.869688758429945,
        "model_1_pred_1": 56.54477625246758,
        "model_1_pred_2": 57.108128748495574,
        "model_1_pred_3": 55.73222940531207,
        "model_1_pred_4": 55.86444648188001,
        "model_1_pred_5": 57.31518876884904,
        "model_1_pred_6": 55.1572004852898,
        "model_1_pred_7": 56.209462356960685,
        "model_1_pred_8": 56.55415742118805,
        "model_1_pred_9": 57.283891798858484,
        "model_2_pred_0": 53.08721300250265,
        "model_2_pred_1": 55.450670402359584,
        "model_2_pred_2": 52.50397068087161,
        "model_2_pred_3": 53.562183956565335,
        "model_2_pred_4": 54.495678949419904,
        "model_2_pred_5": 53.34711268402403,
        "model_2_pred_6": 53.61181987500106,
        "model_2_pred_7": 52.560549550806265,
        "model_2_pred_8": 52.89904851454603,
        "model_2_pred_9": 53.22611764155388,
        "model_3_pred_0": 60.34451835176187,
        "model_3_pred_1": 59.65176975049586,
        "model_3_pred_2": 59.14324286957119,
        "model_3_pred_3": 59.44874574641951,
        "model_3_pred_4": 59.64441909734128,
        "model_3_pred_5": 58.08760157147615,
        "model_3_pred_6": 61.55684847316648,
        "model_3_pred_7": 58.77561886042325,
        "model_3_pred_8": 55.32240557491664,
        "model_3_pred_9": 53.39334334250545,
        "model_4_pred_0": 56.0040959461212,
        "model_4_pred_1": 52.60526987458421,
        "model_4_pred_2": 56.64780645897711,
        "model_4_pred_3": 52.62015736071071,
        "model_4_pred_4": 54.234748055003976,
        "model_4_pred_5": 51.37390940195977,
        "model_4_pred_6": 52.81687376427292,
        "model_4_pred_7": 53.1838321511025,
        "model_4_pred_8": 51.355778110227085,
        "model_4_pred_9": 57.335448625518076,
        "model_5_pred_0": 55.85200988392279,
        "model_5_pred_1": 56.44547519693115,
        "model_5_pred_2": 54.879663869630974,
        "model_5_pred_3": 54.02779295573,
        "model_5_pred_4": 57.73439107343266,
        "model_5_pred_5": 57.64727399493673,
        "model_5_pred_6": 60.35945420578901,
        "model_5_pred_7": 55.227998078869994,
        "model_5_pred_8": 59.30599870472313,
        "model_5_pred_9": 51.129050735385434
    },
    "order": [
        "model_3_pred_6",
        "model_5_pred_6",
        "model_3_pred_0",
        "model_3_pred_1",
        "model_3_pred_4",
        "model_3_pred_3",
        "model_5_pred_8",
        "model_3_pred_2",
        "model_3_pred_7",
        "model_3_pred_5",
        "model_5_pred_4",
        "model_5_pred_5",
        "model_4_pred_9",
        "model_1_pred_5",
        "model_1_pred_9",
        "model_1_pred_2",
        "model_4_pred_2",
        "model_1_pred_8",
        "model_1_pred_1",
        "model_5_pred_1",
        "model_1_pred_7",
        "model_4_pred_0",
        "model_1_pred_0",
        "model_1_pred_4",
        "model_5_pred_0",
        "model_1_pred_3",
        "model_2_pred_1",
        "model_3_pred_8",
        "model_5_pred_7",
        "model_1_pred_6",
        "model_5_pred_2",
        "model_2_pred_4",
        "model_4_pred_4",
        "model_5_pred_3",
        "model_2_pred_6",
        "model_2_pred_3",
        "model_3_pred_9",
        "model_2_pred_5",
        "model_2_pred_9",
        "model_4_pred_7",
        "model_2_pred_0",
        "model_2_pred_8",
        "model_4_pred_6",
        "model_4_pred_3",
        "model_4_pred_1",
        "model_2_pred_7",
        "model_2_pred_2",
        "model_4_pred_5",
        "model_4_pred_8",
        "model_5_pred_9"
    ]
}