{
    "features": 835.322277545929,
    "process_features_model_1_pred_0": 2.995476484298706,
    "predict_and_compile_model_1_pred_0": 103.91834259033203,
    "relax_model_1_pred_0": 7.472290754318237,
    "process_features_model_1_pred_1": 1.3773205280303955,
    "predict_and_compile_model_1_pred_1": 6.974952936172485,
    "relax_model_1_pred_1": 2.7789337635040283,
    "process_features_model_1_pred_2": 1.382453203201294,
    "predict_and_compile_model_1_pred_2": 6.9568023681640625,
    "relax_model_1_pred_2": 2.671569347381592,
    "process_features_model_1_pred_3": 1.3637220859527588,
    "predict_and_compile_model_1_pred_3": 6.961385250091553,
    "relax_model_1_pred_3": 2.1329007148742676,
    "process_features_model_1_pred_4": 1.3798801898956299,
    "predict_and_compile_model_1_pred_4": 6.978241205215454,
    "relax_model_1_pred_4": 2.6956422328948975,
    "process_features_model_1_pred_5": 1.3784229755401611,
    "predict_and_compile_model_1_pred_5": 6.97425389289856,
    "relax_model_1_pred_5": 2.6553189754486084,
    "process_features_model_1_pred_6": 1.3701510429382324,
    "predict_and_compile_model_1_pred_6": 6.955165863037109,
    "relax_model_1_pred_6": 2.1504876613616943,
    "process_features_model_1_pred_7": 1.3978602886199951,
    "predict_and_compile_model_1_pred_7": 6.9658567905426025,
    "relax_model_1_pred_7": 2.740792989730835,
    "process_features_model_1_pred_8": 1.4124960899353027,
    "predict_and_compile_model_1_pred_8": 6.9579918384552,
    "relax_model_1_pred_8": 2.6542129516601562,
    "process_features_model_1_pred_9": 1.3736236095428467,
    "predict_and_compile_model_1_pred_9": 6.977696895599365,
    "relax_model_1_pred_9": 2.142714023590088,
    "process_features_model_2_pred_0": 1.8979876041412354,
    "predict_and_compile_model_2_pred_0": 103.61142945289612,
    "relax_model_2_pred_0": 2.297236919403076,
    "process_features_model_2_pred_1": 1.490309476852417,
    "predict_and_compile_model_2_pred_1": 5.417084455490112,
    "relax_model_2_pred_1": 4.035864353179932,
    "process_features_model_2_pred_2": 1.4698500633239746,
    "predict_and_compile_model_2_pred_2": 5.411684989929199,
    "relax_model_2_pred_2": 2.8085687160491943,
    "process_features_model_2_pred_3": 1.4727492332458496,
    "predict_and_compile_model_2_pred_3": 5.431281089782715,
    "relax_model_2_pred_3": 2.2069149017333984,
    "process_features_model_2_pred_4": 1.934814691543579,
    "predict_and_compile_model_2_pred_4": 5.419902563095093,
    "relax_model_2_pred_4": 2.164698362350464,
    "process_features_model_2_pred_5": 1.4108772277832031,
    "predict_and_compile_model_2_pred_5": 5.422530174255371,
    "relax_model_2_pred_5": 2.8834996223449707,
    "process_features_model_2_pred_6": 1.478076457977295,
    "predict_and_compile_model_2_pred_6": 5.408766746520996,
    "relax_model_2_pred_6": 2.7177491188049316,
    "process_features_model_2_pred_7": 1.4759786128997803,
    "predict_and_compile_model_2_pred_7": 5.4162585735321045,
    "relax_model_2_pred_7": 2.2890961170196533,
    "process_features_model_2_pred_8": 1.4241602420806885,
    "predict_and_compile_model_2_pred_8": 5.427623510360718,
    "relax_model_2_pred_8": 2.7827975749969482,
    "process_features_model_2_pred_9": 1.457273244857788,
    "predict_and_compile_model_2_pred_9": 5.41141939163208,
    "relax_model_2_pred_9": 2.742370367050171,
    "process_features_model_3_pred_0": 1.1150052547454834,
    "predict_and_compile_model_3_pred_0": 78.60294365882874,
    "relax_model_3_pred_0": 2.714601516723633,
    "process_features_model_3_pred_1": 1.1389248371124268,
    "predict_and_compile_model_3_pred_1": 6.889505624771118,
    "relax_model_3_pred_1": 2.8395421504974365,
    "process_features_model_3_pred_2": 1.1712913513183594,
    "predict_and_compile_model_3_pred_2": 6.887960910797119,
    "relax_model_3_pred_2": 2.2277209758758545,
    "process_features_model_3_pred_3": 1.6628708839416504,
    "predict_and_compile_model_3_pred_3": 6.892345666885376,
    "relax_model_3_pred_3": 2.234184741973877,
    "process_features_model_3_pred_4": 1.098952054977417,
    "predict_and_compile_model_3_pred_4": 6.88933253288269,
    "relax_model_3_pred_4": 2.795731544494629,
    "process_features_model_3_pred_5": 1.1572840213775635,
    "predict_and_compile_model_3_pred_5": 6.900785684585571,
    "relax_model_3_pred_5": 2.8027524948120117,
    "process_features_model_3_pred_6": 1.1240160465240479,
    "predict_and_compile_model_3_pred_6": 6.885663032531738,
    "relax_model_3_pred_6": 2.2279632091522217,
    "process_features_model_3_pred_7": 1.0957732200622559,
    "predict_and_compile_model_3_pred_7": 6.892679929733276,
    "relax_model_3_pred_7": 2.830524444580078,
    "process_features_model_3_pred_8": 1.175624132156372,
    "predict_and_compile_model_3_pred_8": 6.8958351612091064,
    "relax_model_3_pred_8": 2.735121250152588,
    "process_features_model_3_pred_9": 1.149355411529541,
    "predict_and_compile_model_3_pred_9": 6.913932800292969,
    "relax_model_3_pred_9": 2.2411646842956543,
    "process_features_model_4_pred_0": 1.0815644264221191,
    "predict_and_compile_model_4_pred_0": 79.05714631080627,
    "relax_model_4_pred_0": 2.2977778911590576,
    "process_features_model_4_pred_1": 1.7779500484466553,
    "predict_and_compile_model_4_pred_1": 6.925583362579346,
    "relax_model_4_pred_1": 2.3201816082000732,
    "process_features_model_4_pred_2": 1.1020655632019043,
    "predict_and_compile_model_4_pred_2": 6.911729097366333,
    "relax_model_4_pred_2": 2.8506064414978027,
    "process_features_model_4_pred_3": 1.1757595539093018,
    "predict_and_compile_model_4_pred_3": 6.908085346221924,
    "relax_model_4_pred_3": 2.749814510345459,
    "process_features_model_4_pred_4": 1.1419668197631836,
    "predict_and_compile_model_4_pred_4": 6.901615142822266,
    "relax_model_4_pred_4": 2.258981466293335,
    "process_features_model_4_pred_5": 1.118079423904419,
    "predict_and_compile_model_4_pred_5": 6.925152778625488,
    "relax_model_4_pred_5": 2.915574789047241,
    "process_features_model_4_pred_6": 1.2855145931243896,
    "predict_and_compile_model_4_pred_6": 6.901790142059326,
    "relax_model_4_pred_6": 2.7714145183563232,
    "process_features_model_4_pred_7": 1.145472764968872,
    "predict_and_compile_model_4_pred_7": 6.8931005001068115,
    "relax_model_4_pred_7": 2.2473549842834473,
    "process_features_model_4_pred_8": 1.1223835945129395,
    "predict_and_compile_model_4_pred_8": 6.905367374420166,
    "relax_model_4_pred_8": 2.8260722160339355,
    "process_features_model_4_pred_9": 1.201209306716919,
    "predict_and_compile_model_4_pred_9": 6.92631459236145,
    "relax_model_4_pred_9": 2.8418500423431396,
    "process_features_model_5_pred_0": 1.1331830024719238,
    "predict_and_compile_model_5_pred_0": 77.97537398338318,
    "relax_model_5_pred_0": 2.861994981765747,
    "process_features_model_5_pred_1": 1.2124981880187988,
    "predict_and_compile_model_5_pred_1": 5.394822597503662,
    "relax_model_5_pred_1": 2.297895908355713,
    "process_features_model_5_pred_2": 1.1246728897094727,
    "predict_and_compile_model_5_pred_2": 5.36960768699646,
    "relax_model_5_pred_2": 2.95161509513855,
    "process_features_model_5_pred_3": 1.1919467449188232,
    "predict_and_compile_model_5_pred_3": 5.3697638511657715,
    "relax_model_5_pred_3": 2.799355983734131,
    "process_features_model_5_pred_4": 1.192460536956787,
    "predict_and_compile_model_5_pred_4": 5.374023675918579,
    "relax_model_5_pred_4": 2.7740492820739746,
    "process_features_model_5_pred_5": 1.1556568145751953,
    "predict_and_compile_model_5_pred_5": 5.3680198192596436,
    "relax_model_5_pred_5": 2.2843668460845947,
    "process_features_model_5_pred_6": 1.1148412227630615,
    "predict_and_compile_model_5_pred_6": 5.366117000579834,
    "relax_model_5_pred_6": 3.0161263942718506,
    "process_features_model_5_pred_7": 1.1708250045776367,